<flow-definition plugin="workflow-job@2.32">
<actions>
<org.jenkinsci.plugins.pipeline.modeldefinition.actions.DeclarativeJobAction plugin="pipeline-model-definition@1.3.8"/>
<org.jenkinsci.plugins.pipeline.modeldefinition.actions.DeclarativeJobPropertyTrackerAction plugin="pipeline-model-definition@1.3.8">
<jobProperties/>
<triggers/>
<parameters/>
<options/>
</org.jenkinsci.plugins.pipeline.modeldefinition.actions.DeclarativeJobPropertyTrackerAction>
</actions>
<description/>
<keepDependencies>false</keepDependencies>
<properties>
<jenkins.plugins.office365connector.WebhookJobProperty plugin="Office-365-Connector@4.13.0">
<webhooks>
<jenkins.plugins.office365connector.Webhook>
<name>NotifiactionTesting</name>
<url>https://capgemini.webhook.office.com/webhookb2/2b128370-8f56-46c8-a065-a2bc639b3641@76a2ae5a-9f00-4f6b-95ed-5d33d77c4d61/JenkinsCI/cae27a7786b14621a1d67c596dcb8e49/90a84d1f-46ea-4915-b0ad-00df18799243</url>
<startNotification>false</startNotification>
<notifySuccess>true</notifySuccess>
<notifyAborted>false</notifyAborted>
<notifyNotBuilt>false</notifyNotBuilt>
<notifyUnstable>true</notifyUnstable>
<notifyFailure>true</notifyFailure>
<notifyBackToNormal>true</notifyBackToNormal>
<notifyRepeatedFailure>false</notifyRepeatedFailure>
<timeout>30000</timeout>
<macros class="empty-list"/>
<factDefinitions class="empty-list"/>
</jenkins.plugins.office365connector.Webhook>
</webhooks>
</jenkins.plugins.office365connector.WebhookJobProperty>

<hudson.model.ParametersDefinitionProperty>
<parameterDefinitions>
</parameterDefinitions>
</hudson.model.ParametersDefinitionProperty>
<hudson.plugins.jira.JiraProjectProperty plugin="jira@3.0.9">
<siteName>https://jirabring.atlassian.net/</siteName>
</hudson.plugins.jira.JiraProjectProperty>
<com.dabsquared.gitlabjenkins.connection.GitLabConnectionProperty plugin="gitlab-plugin@1.5.13">
<gitLabConnection>Gitlab</gitLabConnection>
</com.dabsquared.gitlabjenkins.connection.GitLabConnectionProperty>
</properties>
<definition class="org.jenkinsci.plugins.workflow.cps.CpsFlowDefinition" plugin="workflow-cps@2.68">
<script>
</script>
<sandbox>true</sandbox>
</definition>
<triggers/>
<disabled>false</disabled>
</flow-definition>