<?xml version="1.0" encoding="UTF-8"?>

<org.jenkinsci.plugins.workflow.multibranch.WorkflowMultiBranchProject plugin="workflow-multibranch@2.22">
<actions/>
<description>Jenkins Multibranch Pipeline Example Repo</description>
<properties>
<org.jenkinsci.plugins.configfiles.folder.FolderConfigFileProperty plugin="config-file-provider@3.6.3">
<configs class="sorted-set">
<comparator class="org.jenkinsci.plugins.configfiles.folder.FolderConfigFileProperty$1"/>
</configs>
</org.jenkinsci.plugins.configfiles.folder.FolderConfigFileProperty>
<com.cloudbees.hudson.plugins.folder.properties.FolderCredentialsProvider_-FolderCredentialsProperty plugin="cloudbees-folder@6.14">
<domainCredentialsMap class="hudson.util.CopyOnWriteMap$Hash">
<entry>
<com.cloudbees.plugins.credentials.domains.Domain plugin="credentials@2.3.12">
<specifications/>
</com.cloudbees.plugins.credentials.domains.Domain>
<java.util.concurrent.CopyOnWriteArrayList>
<com.cloudbees.plugins.credentials.impl.UsernamePasswordCredentialsImpl plugin="credentials@2.3.12">
<id>multibranch</id>
<description>multibranch</description>
<username>503205744</username>
<password>{AQAAABAAAAAQxD2HA7V6T+eti95PkmRxDWnVY5MGq4DR6hlw6lufSCw=}</password>
</com.cloudbees.plugins.credentials.impl.UsernamePasswordCredentialsImpl>
</java.util.concurrent.CopyOnWriteArrayList>
</entry>
</domainCredentialsMap>
</com.cloudbees.hudson.plugins.folder.properties.FolderCredentialsProvider_-FolderCredentialsProperty>
<org.jenkinsci.plugins.docker.workflow.declarative.FolderConfig plugin="docker-workflow@1.23">
<dockerLabel/>
<registry plugin="docker-commons@1.15"/>
</org.jenkinsci.plugins.docker.workflow.declarative.FolderConfig>
<org.jenkinsci.plugins.pipeline.maven.MavenConfigFolderOverrideProperty plugin="pipeline-maven@3.8.2">
<settings class="jenkins.mvn.DefaultSettingsProvider"/>
<globalSettings class="jenkins.mvn.DefaultGlobalSettingsProvider"/>
<override>false</override>
</org.jenkinsci.plugins.pipeline.maven.MavenConfigFolderOverrideProperty>
<org.jenkinsci.plugins.workflow.multibranch.PipelineTriggerProperty plugin="multibranch-action-triggers@1.8.5">
<createActionJobsToTrigger/>
<deleteActionJobsToTrigger/>
<actionJobsToTriggerOnRunDelete/>
<quitePeriod>0</quitePeriod>
<branchIncludeFilter>*</branchIncludeFilter>
<branchExcludeFilter/>
<additionalParameters/>
</org.jenkinsci.plugins.workflow.multibranch.PipelineTriggerProperty>
</properties>
<folderViews class="jenkins.branch.MultiBranchProjectViewHolder" plugin="branch-api@2.6.1">
<owner class="org.jenkinsci.plugins.workflow.multibranch.WorkflowMultiBranchProject" reference="../.."/>
</folderViews>
<healthMetrics>
<com.cloudbees.hudson.plugins.folder.health.WorstChildHealthMetric plugin="cloudbees-folder@6.14">
<nonRecursive>false</nonRecursive>
</com.cloudbees.hudson.plugins.folder.health.WorstChildHealthMetric>
</healthMetrics>
<icon class="jenkins.branch.MetadataActionFolderIcon" plugin="branch-api@2.6.1">
<owner class="org.jenkinsci.plugins.workflow.multibranch.WorkflowMultiBranchProject" reference="../.."/>
</icon>
<triggers/>
<disabled>false</disabled>
<sources class="jenkins.branch.MultiBranchProject$BranchSourceList" plugin="branch-api@2.6.1">
<data>
<jenkins.branch.BranchSource>
<source class="org.jenkinsci.plugins.github_branch_source.GitHubSCMSource" plugin="github-branch-source@2.9.1">
<id>a9972551-06f8-49dc-a05e-f3d8d7ebaebb</id>
<apiUri>https://github.build.ge.com/api/v3</apiUri>
<credentialsId>gepower_org</credentialsId>
<repoOwner>gepower</repoOwner>
<repository>genx-shared-library</repository>
<repositoryUrl>https://github.build.ge.com/gepower/genx-shared-library</repositoryUrl>
<traits>
<org.jenkinsci.plugins.github__branch__source.BranchDiscoveryTrait>
<strategyId>2</strategyId>
</org.jenkinsci.plugins.github__branch__source.BranchDiscoveryTrait>
<org.jenkinsci.plugins.github__branch__source.OriginPullRequestDiscoveryTrait>
<strategyId>1</strategyId>
</org.jenkinsci.plugins.github__branch__source.OriginPullRequestDiscoveryTrait>
<jenkins.scm.impl.trait.WildcardSCMHeadFilterTrait plugin="scm-api@2.6.4">
<includes>PR-*</includes>
<excludes>test*</excludes>
</jenkins.scm.impl.trait.WildcardSCMHeadFilterTrait>
</traits>
</source>
<strategy class="jenkins.branch.DefaultBranchPropertyStrategy">
<properties class="empty-list"/>
</strategy>
</jenkins.branch.BranchSource>
</data>
<owner class="org.jenkinsci.plugins.workflow.multibranch.WorkflowMultiBranchProject" reference="../.."/>
</sources>
<factory class="org.jenkinsci.plugins.workflow.multibranch.WorkflowBranchProjectFactory">
<owner class="org.jenkinsci.plugins.workflow.multibranch.WorkflowMultiBranchProject" reference="../.."/>
<scriptPath>Jenkinsfile</scriptPath>
</factory>
</org.jenkinsci.plugins.workflow.multibranch.WorkflowMultiBranchProject>
